"ส่วนประกอบของระบบ","ข้อสังเกตที่ยืนยันได้","การแก้ไข/เงื่อนไขตรวจรับ","ไฟล์ที่เกี่ยวข้อง","สถานะ","หลักฐาน/ข้อจำกัด"
"Broker Adapter","เดิมไม่มี cancel adapter และ history fallback","เพิ่ม v3 cancel ครั้งเดียว ไม่ retry mutation; history ย้อนหลังไม่เกิน 7 วัน อ่านครบทุกหน้า","webull_io.py","PASS (local)","test_continuous_recovery_v4.py; broker จริง NOT RUN"
"Cancel lifecycle","คำสั่ง SUBMITTED ที่ค้างทำให้ fence คงอยู่; ยังไม่พิสูจน์ว่า fractional เป็นสาเหตุ","300s จาก durable place witness; cancel สูงสุด 1 ครั้ง; grace 120s; เกินเวลา halt และอ่าน late fill ต่อ","order_recovery.py; execution_service.py","PASS (local)","ไม่ปลด fence จาก timeout/acknowledgement; legacy policy=hold"
"Deadline","503 เวลา 13:45:32 มาก่อน placed_at 13:46:23; ยังระบุ phase ต้นเหตุไม่ได้","อ่าน detail หลัง Place ไม่เกิน 1 ครั้ง; budget 35s/Cloud Run 45s; safe deferral=200; persistence error=5xx","tick_runtime.py; main.py; execution_service.py","PASS (local)","phase/witness telemetry; ไม่ถือว่า 503 พิสูจน์ retry หรือ duplicate"
"Daily limits","release expiry และ quota รายวันต้องแยกกัน","XNYS market_day; 30 attempts/day ใน UAT; restart/release/DNA ไม่คืน quota; migration dry-run ก่อน apply","execution_limits.py; ops.py","PASS (local)","migration จริง BLOCKED จนปิด new orders ตรวจ broker และ backup ใหม่"
"Release authorization","policy ใหม่ต้องผูก candidate/account/environment/strategy","binding v4 ใช้ generator เดียวกับ deploy; release เก่าไม่อนุญาต new orders","config.py; deploy/cloudshell-all-in-one.sh","PASS (local)","LEGO_TRADING_WINDOW_END ต้องอนุมัติใหม่ ห้ามต่อเอง"
"Accounting","decision และ SUBMITTED ยังไม่ใช่ fill","รักษา cumulative fill/fee idempotency; initial funding มี model baseline=0; broker cash movement แยกบัญชี","ledger_v2.py; lego_state.py; execution_service.py","PASS (local)","UAT BUY/SELL positive fill ยังไม่มีหลักฐาน"
"Audit trail","snapshot เดิมมี 26 intents แต่ไม่ใช่ transition history ครบ","private append-only events; pending marker อยู่ใน transaction เดียวกับ state; replay ก่อน mutation ถัดไป","transition_audit.py; database.rules.json","PASS (local)","Emulator rules/race; ไม่ใส่ credentials/raw broker payload ใน log"
"Production token","Secret Manager ไม่ได้ทำให้ OTP ต่ออายุเอง","ต้อง hydrate token พร้อมใช้ก่อน PROD SDK init; authenticated reads และ operator secret rotation","webull_io.py; ops.py","PASS (local)","cold-start/token/secret drill บน deployment จริง NOT RUN"
"Cloud Monitoring","ยังไม่มีหลักฐาน alert ถึงปลายทางจริง","render health และ missing 3 ticks policies; ตรวจ channel delivery และ halt/resume drill","tools/monitoring_config.py","BLOCKED","ต้องมี notification channel จริงและ delivery evidence; webhook ไม่บังคับ"
"Daily report","export เดิมไม่พบ positive fill","เทียบ orders/fills/fees/ledger และ cash/positions กับ opening/closing broker snapshots","tools/daily_execution_report.py","PASS (local)","ข้อมูล broker ปัจจุบัน BLOCKED; report PASS ไม่เท่ากับ release GO"
"DNA","bypass:500 ณ export อยู่ step 363; มีอายุจำกัด","รายงาน remaining slots/end time ตาม market calendar; เตือนเมื่อไม่พอ 2 sessions","operational_health.py","PASS (local)","ไม่วน DNA กลับต้น; bundle ใหม่ต้อง candidate/release ใหม่"
"UAT endurance","ยังไม่ผ่านการรับรองเทรดต่อเนื่อง","UBER fix_c=10000 fractional=true; อย่างน้อย 2 regular sessions รวม restart/rollover/BUY/SELL filled","deploy/uat-continuous.env.example","BLOCKED","ต้องมีช่วงอนุมัติใหม่และ broker/cloud access; cancel-only ไม่ผ่าน"
"Production rollout","NO-GO สำหรับเงินจริง","เริ่ม PROD observe/inactive 2 regular sessions; ตรวจ traffic/revision/image/retry=0 และ token","tools/verify_deployment.py; deploy/prod-observe.env.example","NOT RUN","ไม่คัดลอกวงเงิน UAT; live activation ต้อง authorization ใหม่"
"Cutover / rollback","export เก่าไม่รับรอง broker ปัจจุบัน","ปิด new orders ตรวจ broker backup dry-run migrate; drain worker เก่า; rollback ใช้ worker ที่เข้าใจ v4","docs/CONTINUOUS_RELEASE_V4_TH.md","NOT RUN","ห้ามลบ fence/outbox หรือกลับไป worker ที่ไม่รู้จัก cancel state"
